Student_Roll_No,Course_ID
CT-24001,ML101
CT-24001,OOP201
CT-24001,AI401
CT-24001,DS501
CT-24001,SE701
CT-24002,OOP201
CT-24002,DB301
CT-24002,DS501
CT-24002,CN601
CT-24002,WD801
CT-24003,ML101
CT-24003,DB301
CT-24003,AI401
CT-24003,CN601
CT-24003,SE701
CT-24004,OOP201
CT-24004,AI401
CT-24004,DS501
CT-24004,WD801
CT-24004,CC901
CT-24005,ML101
CT-24005,DB301
CT-24005,DS501
CT-24005,SE701
CT-24005,CY102
CT-24006,OOP201
CT-24006,AI401
CT-24006,CN601
CT-24006,WD801
CT-24006,CC901
CT-24007,ML101
CT-24007,DB301
CT-24007,AI401
CT-24007,SE701
CT-24007,CY102
CT-24008,OOP201
CT-24008,DS501
CT-24008,CN601
CT-24008,CC901
CT-24008,CY102
CT-24009,ML101
CT-24009,DB301
CT-24009,DS501
CT-24009,WD801
CT-24009,CY102
CT-24010,OOP201
CT-24010,AI401
CT-24010,CN601
CT-24010,SE701
CT-24010,CC901
CT-24011,ML101
CT-24011,OOP201
CT-24011,DB301
CT-24011,AI401
CT-24011,DS501
CT-24012,OOP201
CT-24012,DB301
CT-24012,AI401
CT-24012,DS501
CT-24013,DB301
CT-24013,AI401
CT-24013,DS501
CT-24013,CN601
CT-24013,SE701
CT-24014,AI401
CT-24014,DS501
CT-24014,CN601
CT-24014,SE701
CT-24015,DS501
CT-24015,CN601
CT-24015,SE701
CT-24015,WD801
CT-24015,CC901
CT-24016,CN601
CT-24016,SE701
CT-24016,WD801
CT-24016,CC901
CT-24017,ML101
CT-24017,SE701
CT-24017,WD801
CT-24017,CC901
CT-24017,CY102
CT-24018,ML101
CT-24018,OOP201
CT-24018,WD801
CT-24018,CC901
CT-24019,ML101
CT-24019,OOP201
CT-24019,DB301
CT-24019,CC901
CT-24019,CY102
CT-24020,ML101
CT-24020,OOP201
CT-24020,DB301
CT-24020,AI401
CT-24021,OOP201
CT-24021,DB301
CT-24021,AI401
CT-24021,DS501
CT-24021,CN601
CT-24022,DB301
CT-24022,AI401
CT-24022,DS501
CT-24022,CN601
CT-24023,AI401
CT-24023,DS501
CT-24023,CN601
CT-24023,SE701
CT-24023,WD801
CT-24024,DS501
CT-24024,CN601
CT-24024,SE701
CT-24024,WD801
CT-24025,CN601
CT-24025,SE701
CT-24025,WD801
CT-24025,CC901
CT-24025,CY102
CT-24026,SE701
CT-24026,WD801
CT-24026,CC901
CT-24026,CY102
CT-24027,ML101
CT-24027,WD801
CT-24027,CC901
CT-24027,CY102
CT-24027,OOP201
CT-24028,ML101
CT-24028,OOP201
CT-24028,CC901
CT-24028,CY102
CT-24029,ML101
CT-24029,OOP201
CT-24029,DB301
CT-24029,CY102
CT-24029,AI401
CT-24030,ML101
CT-24030,OOP201
CT-24030,DB301
CT-24030,AI401
CT-24031,OOP201
CT-24031,DB301
CT-24031,AI401
CT-24031,DS501
CT-24031,CN601
CT-24032,DB301
CT-24032,AI401
CT-24032,DS501
CT-24032,CN601
CT-24033,AI401
CT-24033,DS501
CT-24033,CN601
CT-24033,SE701
CT-24033,WD801
CT-24034,DS501
CT-24034,CN601
CT-24034,SE701
CT-24034,WD801
CT-24035,CN601
CT-24035,SE701
CT-24035,WD801
CT-24035,CC901
CT-24035,CY102
CT-24036,SE701
CT-24036,WD801
CT-24036,CC901
CT-24036,CY102
CT-24037,ML101
CT-24037,WD801
CT-24037,CC901
CT-24037,CY102
CT-24037,OOP201
CT-24038,ML101
CT-24038,OOP201
CT-24038,CC901
CT-24038,CY102
CT-24039,ML101
CT-24039,OOP201
CT-24039,DB301
CT-24039,CY102
CT-24039,AI401
CT-24040,ML101
CT-24040,OOP201
CT-24040,DB301
CT-24040,AI401
CT-24041,OOP201
CT-24041,DB301
CT-24041,AI401
CT-24041,DS501
CT-24041,CN601
CT-24042,DB301
CT-24042,AI401
CT-24042,DS501
CT-24042,CN601
CT-24043,AI401
CT-24043,DS501
CT-24043,CN601
CT-24043,SE701
CT-24043,WD801
CT-24044,DS501
CT-24044,CN601
CT-24044,SE701
CT-24044,WD801
CT-24045,CN601
CT-24045,SE701
CT-24045,WD801
CT-24045,CC901
CT-24045,CY102
CT-24046,SE701
CT-24046,WD801
CT-24046,CC901
CT-24046,CY102
CT-24047,ML101
CT-24047,WD801
CT-24047,CC901
CT-24047,CY102
CT-24047,OOP201
CT-24048,ML101
CT-24048,OOP201
CT-24048,CC901
CT-24048,CY102
CT-24049,ML101
CT-24049,OOP201
CT-24049,DB301
CT-24049,CY102
CT-24049,AI401
CT-24050,ML101
CT-24050,OOP201
CT-24050,DB301
CT-24050,AI401
CT-24051,OOP201
CT-24051,DB301
CT-24051,AI401
CT-24051,DS501
CT-24051,CN601
CT-24052,DB301
CT-24052,AI401
CT-24052,DS501
CT-24052,CN601
CT-24053,AI401
CT-24053,DS501
CT-24053,CN601
CT-24053,SE701
CT-24053,WD801
CT-24054,DS501
CT-24054,CN601
CT-24054,SE701
CT-24054,WD801
CT-24055,CN601
CT-24055,SE701
CT-24055,WD801
CT-24055,CC901
CT-24055,CY102
CT-24056,SE701
CT-24056,WD801
CT-24056,CC901
CT-24056,CY102
CT-24057,ML101
CT-24057,WD801
CT-24057,CC901
CT-24057,CY102
CT-24057,OOP201
CT-24058,ML101
CT-24058,OOP201
CT-24058,CC901
CT-24058,CY102
CT-24059,ML101
CT-24059,OOP201
CT-24059,DB301
CT-24059,CY102
CT-24059,AI401
CT-24060,ML101
CT-24060,OOP201
CT-24060,DB301
CT-24060,AI401
CT-24061,OOP201
CT-24061,DB301
CT-24061,AI401
CT-24061,DS501
CT-24061,CN601
CT-24062,DB301
CT-24062,AI401
CT-24062,DS501
CT-24062,CN601
CT-24063,AI401
CT-24063,DS501
CT-24063,CN601
CT-24063,SE701
CT-24063,WD801
CT-24064,DS501
CT-24064,CN601
CT-24064,SE701
CT-24064,WD801
CT-24065,CN601
CT-24065,SE701
CT-24065,WD801
CT-24065,CC901
CT-24065,CY102
CT-24066,SE701
CT-24066,WD801
CT-24066,CC901
CT-24066,CY102
CT-24067,ML101
CT-24067,WD801
CT-24067,CC901
CT-24067,CY102
CT-24067,OOP201
CT-24068,ML101
CT-24068,OOP201
CT-24068,CC901
CT-24068,CY102
CT-24069,ML101
CT-24069,OOP201
CT-24069,DB301
CT-24069,CY102
CT-24069,AI401
CT-24070,ML101
CT-24070,OOP201
CT-24070,DB301
CT-24070,AI401
CT-24071,OOP201
CT-24071,DB301
CT-24071,AI401
CT-24071,DS501
CT-24071,CN601
CT-24072,DB301
CT-24072,AI401
CT-24072,DS501
CT-24072,CN601
CT-24073,AI401
CT-24073,DS501
CT-24073,CN601
CT-24073,SE701
CT-24073,WD801
CT-24074,DS501
CT-24074,CN601
CT-24074,SE701
CT-24074,WD801
CT-24075,CN601
CT-24075,SE701
CT-24075,WD801
CT-24075,CC901
CT-24075,CY102
CT-24076,SE701
CT-24076,WD801
CT-24076,CC901
CT-24076,CY102
CT-24077,ML101
CT-24077,WD801
CT-24077,CC901
CT-24077,CY102
CT-24077,OOP201
CT-24078,ML101
CT-24078,OOP201
CT-24078,CC901
CT-24078,CY102
CT-24079,ML101
CT-24079,OOP201
CT-24079,DB301
CT-24079,CY102
CT-24079,AI401
CT-24080,ML101
CT-24080,OOP201
CT-24080,DB301
CT-24080,AI401
CT-24081,OOP201
CT-24081,DB301
CT-24081,AI401
CT-24081,DS501
CT-24081,CN601
CT-24082,DB301
CT-24082,AI401
CT-24082,DS501
CT-24082,CN601
CT-24083,AI401
CT-24083,DS501
CT-24083,CN601
CT-24083,SE701
CT-24083,WD801
CT-24084,DS501
CT-24084,CN601
CT-24084,SE701
CT-24084,WD801
CT-24085,CN601
CT-24085,SE701
CT-24085,WD801
CT-24085,CC901
CT-24085,CY102
CT-24086,SE701
CT-24086,WD801
CT-24086,CC901
CT-24086,CY102
CT-24087,ML101
CT-24087,WD801
CT-24087,CC901
CT-24087,CY102
CT-24087,OOP201
CT-24088,ML101
CT-24088,OOP201
CT-24088,CC901
CT-24088,CY102
CT-24089,ML101
CT-24089,OOP201
CT-24089,DB301
CT-24089,CY102
CT-24089,AI401
CT-24090,ML101
CT-24090,OOP201
CT-24090,DB301
CT-24090,AI401
CT-24091,OOP201
CT-24091,DB301
CT-24091,AI401
CT-24091,DS501
CT-24091,CN601
CT-24092,DB301
CT-24092,AI401
CT-24092,DS501
CT-24092,CN601
CT-24093,AI401
CT-24093,DS501
CT-24093,CN601
CT-24093,SE701
CT-24093,WD801
CT-24094,DS501
CT-24094,CN601
CT-24094,SE701
CT-24094,WD801
CT-24095,CN601
CT-24095,SE701
CT-24095,WD801
CT-24095,CC901
CT-24095,CY102
CT-24096,SE701
CT-24096,WD801
CT-24096,CC901
CT-24096,CY102
CT-24097,ML101
CT-24097,WD801
CT-24097,CC901
CT-24097,CY102
CT-24097,OOP201
CT-24098,ML101
CT-24098,OOP201
CT-24098,CC901
CT-24098,CY102
CT-24099,ML101
CT-24099,OOP201
CT-24099,DB301
CT-24099,CY102
CT-24099,AI401
CT-24100,ML101
CT-24100,OOP201
CT-24100,DB301
CT-24100,AI401
CT-24101,OOP201
CT-24101,DB301
CT-24101,AI401
CT-24101,DS501
CT-24101,CN601
CT-24102,DB301
CT-24102,AI401
CT-24102,DS501
CT-24102,CN601
CT-24103,AI401
CT-24103,DS501
CT-24103,CN601
CT-24103,SE701
CT-24103,WD801
CT-24104,DS501
CT-24104,CN601
CT-24104,SE701
CT-24104,WD801
CT-24105,CN601
CT-24105,SE701
CT-24105,WD801
CT-24105,CC901
CT-24105,CY102
CT-24106,SE701
CT-24106,WD801
CT-24106,CC901
CT-24106,CY102
CT-24107,ML101
CT-24107,WD801
CT-24107,CC901
CT-24107,CY102
CT-24107,OOP201
CT-24108,ML101
CT-24108,OOP201
CT-24108,CC901
CT-24108,CY102
CT-24109,ML101
CT-24109,OOP201
CT-24109,DB301
CT-24109,CY102
CT-24109,AI401
CT-24110,ML101
CT-24110,OOP201
CT-24110,DB301
CT-24110,AI401
CT-24111,OOP201
CT-24111,DB301
CT-24111,AI401
CT-24111,DS501
CT-24111,CN601
CT-24112,DB301
CT-24112,AI401
CT-24112,DS501
CT-24112,CN601
CT-24113,AI401
CT-24113,DS501
CT-24113,CN601
CT-24113,SE701
CT-24113,WD801
CT-24114,DS501
CT-24114,CN601
CT-24114,SE701
CT-24114,WD801
CT-24115,CN601
CT-24115,SE701
CT-24115,WD801
CT-24115,CC901
CT-24115,CY102
CT-24116,SE701
CT-24116,WD801
CT-24116,CC901
CT-24116,CY102
CT-24117,ML101
CT-24117,WD801
CT-24117,CC901
CT-24117,CY102
CT-24117,OOP201
CT-24118,ML101
CT-24118,OOP201
CT-24118,CC901
CT-24118,CY102
CT-24119,ML101
CT-24119,OOP201
CT-24119,DB301
CT-24119,CY102
CT-24119,AI401
CT-24120,ML101
CT-24120,OOP201
CT-24120,DB301
CT-24120,AI401
CT-24121,OOP201
CT-24121,DB301
CT-24121,AI401
CT-24121,DS501
CT-24121,CN601
CT-24122,DB301
CT-24122,AI401
CT-24122,DS501
CT-24122,CN601
CT-24123,AI401
CT-24123,DS501
CT-24123,CN601
CT-24123,SE701
CT-24123,WD801
CT-24124,DS501
CT-24124,CN601
CT-24124,SE701
CT-24124,WD801
CT-24125,CN601
CT-24125,SE701
CT-24125,WD801
CT-24125,CC901
CT-24125,CY102
CT-24126,SE701
CT-24126,WD801
CT-24126,CC901
CT-24126,CY102
CT-24127,ML101
CT-24127,WD801
CT-24127,CC901
CT-24127,CY102
CT-24127,OOP201
CT-24128,ML101
CT-24128,OOP201
CT-24128,CC901
CT-24128,CY102
CT-24129,ML101
CT-24129,OOP201
CT-24129,DB301
CT-24129,CY102
CT-24129,AI401
CT-24130,ML101
CT-24130,OOP201
CT-24130,DB301
CT-24130,AI401
CT-24131,OOP201
CT-24131,DB301
CT-24131,AI401
CT-24131,DS501
CT-24131,CN601
CT-24132,DB301
CT-24132,AI401
CT-24132,DS501
CT-24132,CN601
CT-24133,AI401
CT-24133,DS501
CT-24133,CN601
CT-24133,SE701
CT-24133,WD801
CT-24134,DS501
CT-24134,CN601
CT-24134,SE701
CT-24134,WD801
CT-24135,CN601
CT-24135,SE701
CT-24135,WD801
CT-24135,CC901
CT-24135,CY102
CT-24136,SE701
CT-24136,WD801
CT-24136,CC901
CT-24136,CY102
CT-24137,ML101
CT-24137,WD801
CT-24137,CC901
CT-24137,CY102
CT-24137,OOP201
CT-24138,ML101
CT-24138,OOP201
CT-24138,CC901
CT-24138,CY102
CT-24139,ML101
CT-24139,OOP201
CT-24139,DB301
CT-24139,CY102
CT-24139,AI401
CT-24140,ML101
CT-24140,OOP201
CT-24140,DB301
CT-24140,AI401
CT-24141,OOP201
CT-24141,DB301
CT-24141,AI401
CT-24141,DS501
CT-24141,CN601
CT-24142,DB301
CT-24142,AI401
CT-24142,DS501
CT-24142,CN601
CT-24143,AI401
CT-24143,DS501
CT-24143,CN601
CT-24143,SE701
CT-24143,WD801
CT-24144,DS501
CT-24144,CN601
CT-24144,SE701
CT-24144,WD801
CT-24145,CN601
CT-24145,SE701
CT-24145,WD801
CT-24145,CC901
CT-24145,CY102
CT-24146,SE701
CT-24146,WD801
CT-24146,CC901
CT-24146,CY102
CT-24147,ML101
CT-24147,WD801
CT-24147,CC901
CT-24147,CY102
CT-24147,OOP201
CT-24148,ML101
CT-24148,OOP201
CT-24148,CC901
CT-24148,CY102
CT-24149,ML101
CT-24149,OOP201
CT-24149,DB301
CT-24149,CY102
CT-24149,AI401
CT-24150,ML101
CT-24150,OOP201
CT-24150,DB301
CT-24150,AI401
CT-24151,OOP201
CT-24151,DB301
CT-24151,AI401
CT-24151,DS501
CT-24151,CN601
CT-24152,DB301
CT-24152,AI401
CT-24152,DS501
CT-24152,CN601
CT-24153,AI401
CT-24153,DS501
CT-24153,CN601
CT-24153,SE701
CT-24153,WD801
CT-24154,DS501
CT-24154,CN601
CT-24154,SE701
CT-24154,WD801
CT-24155,CN601
CT-24155,SE701
CT-24155,WD801
CT-24155,CC901
CT-24155,CY102
CT-24156,SE701
CT-24156,WD801
CT-24156,CC901
CT-24156,CY102
CT-24157,ML101
CT-24157,WD801
CT-24157,CC901
CT-24157,CY102
CT-24157,OOP201
CT-24158,ML101
CT-24158,OOP201
CT-24158,CC901
CT-24158,CY102
CT-24159,ML101
CT-24159,OOP201
CT-24159,DB301
CT-24159,CY102
CT-24159,AI401
CT-24160,ML101
CT-24160,OOP201
CT-24160,DB301
CT-24160,AI401
CT-24161,OOP201
CT-24161,DB301
CT-24161,AI401
CT-24161,DS501
CT-24161,CN601
CT-24162,DB301
CT-24162,AI401
CT-24162,DS501
CT-24162,CN601
CT-24163,AI401
CT-24163,DS501
CT-24163,CN601
CT-24163,SE701
CT-24163,WD801
CT-24164,DS501
CT-24164,CN601
CT-24164,SE701
CT-24164,WD801
CT-24165,CN601
CT-24165,SE701
CT-24165,WD801
CT-24165,CC901
CT-24165,CY102
CT-24166,SE701
CT-24166,WD801
CT-24166,CC901
CT-24166,CY102
CT-24167,ML101
CT-24167,WD801
CT-24167,CC901
CT-24167,CY102
CT-24167,OOP201
CT-24168,ML101
CT-24168,OOP201
CT-24168,CC901
CT-24168,CY102
CT-24169,ML101
CT-24169,OOP201
CT-24169,DB301
CT-24169,CY102
CT-24169,AI401
CT-24170,ML101
CT-24170,OOP201
CT-24170,DB301
CT-24170,AI401
CT-24171,OOP201
CT-24171,DB301
CT-24171,AI401
CT-24171,DS501
CT-24171,CN601
CT-24172,DB301
CT-24172,AI401
CT-24172,DS501
CT-24172,CN601
CT-24173,AI401
CT-24173,DS501
CT-24173,CN601
CT-24173,SE701
CT-24173,WD801
CT-24174,DS501
CT-24174,CN601
CT-24174,SE701
CT-24174,WD801
CT-24175,CN601
CT-24175,SE701
CT-24175,WD801
CT-24175,CC901
CT-24175,CY102
CT-24176,SE701
CT-24176,WD801
CT-24176,CC901
CT-24176,CY102
CT-24177,ML101
CT-24177,WD801
CT-24177,CC901
CT-24177,CY102
CT-24177,OOP201
CT-24178,ML101
CT-24178,OOP201
CT-24178,CC901
CT-24178,CY102
CT-24179,ML101
CT-24179,OOP201
CT-24179,DB301
CT-24179,CY102
CT-24179,AI401
CT-24180,ML101
CT-24180,OOP201
CT-24180,DB301
CT-24180,AI401
CT-24181,OOP201
CT-24181,DB301
CT-24181,AI401
CT-24181,DS501
CT-24181,CN601
CT-24182,DB301
CT-24182,AI401
CT-24182,DS501
CT-24182,CN601
CT-24183,AI401
CT-24183,DS501
CT-24183,CN601
CT-24183,SE701
CT-24183,WD801
CT-24184,DS501
CT-24184,CN601
CT-24184,SE701
CT-24184,WD801
CT-24185,CN601
CT-24185,SE701
CT-24185,WD801
CT-24185,CC901
CT-24185,CY102
CT-24186,SE701
CT-24186,WD801
CT-24186,CC901
CT-24186,CY102
CT-24187,ML101
CT-24187,WD801
CT-24187,CC901
CT-24187,CY102
CT-24187,OOP201
CT-24188,ML101
CT-24188,OOP201
CT-24188,CC901
CT-24188,CY102
CT-24189,ML101
CT-24189,OOP201
CT-24189,DB301
CT-24189,CY102
CT-24189,AI401
CT-24190,ML101
CT-24190,OOP201
CT-24190,DB301
CT-24190,AI401
CT-24191,OOP201
CT-24191,DB301
CT-24191,AI401
CT-24191,DS501
CT-24191,CN601
CT-24192,DB301
CT-24192,AI401
CT-24192,DS501
CT-24192,CN601
CT-24193,AI401
CT-24193,DS501
CT-24193,CN601
CT-24193,SE701
CT-24193,WD801
CT-24194,DS501
CT-24194,CN601
CT-24194,SE701
CT-24194,WD801
CT-24195,CN601
CT-24195,SE701
CT-24195,WD801
CT-24195,CC901
CT-24195,CY102
CT-24196,SE701
CT-24196,WD801
CT-24196,CC901
CT-24196,CY102
CT-24197,ML101
CT-24197,WD801
CT-24197,CC901
CT-24197,CY102
CT-24197,OOP201
CT-24198,ML101
CT-24198,OOP201
CT-24198,CC901
CT-24198,CY102
CT-24199,ML101
CT-24199,OOP201
CT-24199,DB301
CT-24199,CY102
CT-24199,AI401
CT-24200,ML101
CT-24200,OOP201
CT-24200,DB301
CT-24200,AI401
CT-24201,OOP201
CT-24201,DB301
CT-24201,AI401
CT-24201,DS501
CT-24201,CN601
CT-24202,DB301
CT-24202,AI401
CT-24202,DS501
CT-24202,CN601
CT-24203,AI401
CT-24203,DS501
CT-24203,CN601
CT-24203,SE701
CT-24203,WD801
CT-24204,DS501
CT-24204,CN601
CT-24204,SE701
CT-24204,WD801
CT-24205,CN601
CT-24205,SE701
CT-24205,WD801
CT-24205,CC901
CT-24205,CY102
CT-24206,SE701
CT-24206,WD801
CT-24206,CC901
CT-24206,CY102
CT-24207,ML101
CT-24207,WD801
CT-24207,CC901
CT-24207,CY102
CT-24207,OOP201
CT-24208,ML101
CT-24208,OOP201
CT-24208,CC901
CT-24208,CY102
CT-24209,ML101
CT-24209,OOP201
CT-24209,DB301
CT-24209,CY102
CT-24209,AI401
CT-24210,ML101
CT-24210,OOP201
CT-24210,DB301
CT-24210,AI401
CT-24211,OOP201
CT-24211,DB301
CT-24211,AI401
CT-24211,DS501
CT-24211,CN601
CT-24212,DB301
CT-24212,AI401
CT-24212,DS501
CT-24212,CN601
CT-24213,AI401
CT-24213,DS501
CT-24213,CN601
CT-24213,SE701
CT-24213,WD801
CT-24214,DS501
CT-24214,CN601
CT-24214,SE701
CT-24214,WD801
CT-24215,CN601
CT-24215,SE701
CT-24215,WD801
CT-24215,CC901
CT-24215,CY102
CT-24216,SE701
CT-24216,WD801
CT-24216,CC901
CT-24216,CY102
CT-24217,ML101
CT-24217,WD801
CT-24217,CC901
CT-24217,CY102
CT-24217,OOP201
CT-24218,ML101
CT-24218,OOP201
CT-24218,CC901
CT-24218,CY102
CT-24219,ML101
CT-24219,OOP201
CT-24219,DB301
CT-24219,CY102
CT-24219,AI401
CT-24220,ML101
CT-24220,OOP201
CT-24220,DB301
CT-24220,AI401
CT-24221,OOP201
CT-24221,DB301
CT-24221,AI401
CT-24221,DS501
CT-24221,CN601
CT-24222,DB301
CT-24222,AI401
CT-24222,DS501
CT-24222,CN601
CT-24223,AI401
CT-24223,DS501
CT-24223,CN601
CT-24223,SE701
CT-24223,WD801
CT-24224,DS501
CT-24224,CN601
CT-24224,SE701
CT-24224,WD801
CT-24225,CN601
CT-24225,SE701
CT-24225,WD801
CT-24225,CC901
CT-24225,CY102
CT-24226,SE701
CT-24226,WD801
CT-24226,CC901
CT-24226,CY102
CT-24227,ML101
CT-24227,WD801
CT-24227,CC901
CT-24227,CY102
CT-24227,OOP201
CT-24228,ML101
CT-24228,OOP201
CT-24228,CC901
CT-24228,CY102
CT-24229,ML101
CT-24229,OOP201
CT-24229,DB301
CT-24229,CY102
CT-24229,AI401
CT-24230,ML101
CT-24230,OOP201
CT-24230,DB301
CT-24230,AI401
CT-24231,OOP201
CT-24231,DB301
CT-24231,AI401
CT-24231,DS501
CT-24231,CN601
CT-24232,DB301
CT-24232,AI401
CT-24232,DS501
CT-24232,CN601
CT-24233,AI401
CT-24233,DS501
CT-24233,CN601
CT-24233,SE701
CT-24233,WD801
CT-24234,DS501
CT-24234,CN601
CT-24234,SE701
CT-24234,WD801
CT-24235,CN601
CT-24235,SE701
CT-24235,WD801
CT-24235,CC901
CT-24235,CY102
CT-24236,SE701
CT-24236,WD801
CT-24236,CC901
CT-24236,CY102
CT-24237,ML101
CT-24237,WD801
CT-24237,CC901
CT-24237,CY102
CT-24237,OOP201
CT-24238,ML101
CT-24238,OOP201
CT-24238,CC901
CT-24238,CY102
CT-24239,ML101
CT-24239,OOP201
CT-24239,DB301
CT-24239,CY102
CT-24239,AI401
CT-24240,ML101
CT-24240,OOP201
CT-24240,DB301
CT-24240,AI401
CT-24241,OOP201
CT-24241,DB301
CT-24241,AI401
CT-24241,DS501
CT-24241,CN601
CT-24242,DB301
CT-24242,AI401
CT-24242,DS501
CT-24242,CN601
CT-24243,AI401
CT-24243,DS501
CT-24243,CN601
CT-24243,SE701
CT-24243,WD801
CT-24244,DS501
CT-24244,CN601
CT-24244,SE701
CT-24244,WD801
CT-24245,CN601
CT-24245,SE701
CT-24245,WD801
CT-24245,CC901
CT-24245,CY102
CT-24246,SE701
CT-24246,WD801
CT-24246,CC901
CT-24246,CY102
CT-24247,ML101
CT-24247,WD801
CT-24247,CC901
CT-24247,CY102
CT-24247,OOP201
CT-24248,ML101
CT-24248,OOP201
CT-24248,CC901
CT-24248,CY102
CT-24249,ML101
CT-24249,OOP201
CT-24249,DB301
CT-24249,CY102
CT-24249,AI401
CT-24250,ML101
CT-24250,OOP201
CT-24250,DB301
CT-24250,AI401
CT-24251,OOP201
CT-24251,DB301
CT-24251,AI401
CT-24251,DS501
CT-24251,CN601
CT-24252,DB301
CT-24252,AI401
CT-24252,DS501
CT-24252,CN601
CT-24253,AI401
CT-24253,DS501
CT-24253,CN601
CT-24253,SE701
CT-24253,WD801
CT-24254,DS501
CT-24254,CN601
CT-24254,SE701
CT-24254,WD801
CT-24255,CN601
CT-24255,SE701
CT-24255,WD801
CT-24255,CC901
CT-24255,CY102
CT-24256,SE701
CT-24256,WD801
CT-24256,CC901
CT-24256,CY102
CT-24257,ML101
CT-24257,WD801
CT-24257,CC901
CT-24257,CY102
CT-24257,OOP201
CT-24258,ML101
CT-24258,OOP201
CT-24258,CC901
CT-24258,CY102
CT-24259,ML101
CT-24259,OOP201
CT-24259,DB301
CT-24259,CY102
CT-24259,AI401
CT-24260,ML101
CT-24260,OOP201
CT-24260,DB301
CT-24260,AI401
CT-24261,OOP201
CT-24261,DB301
CT-24261,AI401
CT-24261,DS501
CT-24261,CN601
CT-24262,DB301
CT-24262,AI401
CT-24262,DS501
CT-24262,CN601
CT-24263,AI401
CT-24263,DS501
CT-24263,CN601
CT-24263,SE701
CT-24263,WD801
CT-24264,DS501
CT-24264,CN601
CT-24264,SE701
CT-24264,WD801
CT-24265,CN601
CT-24265,SE701
CT-24265,WD801
CT-24265,CC901
CT-24265,CY102
CT-24266,SE701
CT-24266,WD801
CT-24266,CC901
CT-24266,CY102
CT-24267,ML101
CT-24267,WD801
CT-24267,CC901
CT-24267,CY102
CT-24267,OOP201
CT-24268,ML101
CT-24268,OOP201
CT-24268,CC901
CT-24268,CY102
CT-24269,ML101
CT-24269,OOP201
CT-24269,DB301
CT-24269,CY102
CT-24269,AI401
CT-24270,ML101
CT-24270,OOP201
CT-24270,DB301
CT-24270,AI401
CT-24271,OOP201
CT-24271,DB301
CT-24271,AI401
CT-24271,DS501
CT-24271,CN601
CT-24272,DB301
CT-24272,AI401
CT-24272,DS501
CT-24272,CN601
CT-24273,AI401
CT-24273,DS501
CT-24273,CN601
CT-24273,SE701
CT-24273,WD801
CT-24274,DS501
CT-24274,CN601
CT-24274,SE701
CT-24274,WD801
CT-24275,CN601
CT-24275,SE701
CT-24275,WD801
CT-24275,CC901
CT-24275,CY102
CT-24276,SE701
CT-24276,WD801
CT-24276,CC901
CT-24276,CY102
CT-24277,ML101
CT-24277,WD801
CT-24277,CC901
CT-24277,CY102
CT-24277,OOP201
CT-24278,ML101
CT-24278,OOP201
CT-24278,CC901
CT-24278,CY102
CT-24279,ML101
CT-24279,OOP201
CT-24279,DB301
CT-24279,CY102
CT-24279,AI401
CT-24280,ML101
CT-24280,OOP201
CT-24280,DB301
CT-24280,AI401
CT-24281,OOP201
CT-24281,DB301
CT-24281,AI401
CT-24281,DS501
CT-24281,CN601
CT-24282,DB301
CT-24282,AI401
CT-24282,DS501
CT-24282,CN601
CT-24283,AI401
CT-24283,DS501
CT-24283,CN601
CT-24283,SE701
CT-24283,WD801
CT-24284,DS501
CT-24284,CN601
CT-24284,SE701
CT-24284,WD801
CT-24285,CN601
CT-24285,SE701
CT-24285,WD801
CT-24285,CC901
CT-24285,CY102
CT-24286,SE701
CT-24286,WD801
CT-24286,CC901
CT-24286,CY102
CT-24287,ML101
CT-24287,WD801
CT-24287,CC901
CT-24287,CY102
CT-24287,OOP201
CT-24288,ML101
CT-24288,OOP201
CT-24288,CC901
CT-24288,CY102
CT-24289,ML101
CT-24289,OOP201
CT-24289,DB301
CT-24289,CY102
CT-24289,AI401
CT-24290,ML101
CT-24290,OOP201
CT-24290,DB301
CT-24290,AI401
CT-24291,OOP201
CT-24291,DB301
CT-24291,AI401
CT-24291,DS501
CT-24291,CN601
CT-24292,DB301
CT-24292,AI401
CT-24292,DS501
CT-24292,CN601
CT-24293,AI401
CT-24293,DS501
CT-24293,CN601
CT-24293,SE701
CT-24293,WD801
CT-24294,DS501
CT-24294,CN601
CT-24294,SE701
CT-24294,WD801
CT-24295,CN601
CT-24295,SE701
CT-24295,WD801
CT-24295,CC901
CT-24295,CY102
CT-24296,SE701
CT-24296,WD801
CT-24296,CC901
CT-24296,CY102
CT-24297,ML101
CT-24297,WD801
CT-24297,CC901
CT-24297,CY102
CT-24297,OOP201
CT-24298,ML101
CT-24298,OOP201
CT-24298,CC901
CT-24298,CY102
CT-24299,ML101
CT-24299,OOP201
CT-24299,DB301
CT-24299,CY102
CT-24299,AI401
CT-24300,ML101
CT-24300,OOP201
CT-24300,DB301
CT-24300,AI401
CT-24301,OOP201
CT-24301,DB301
CT-24301,AI401
CT-24301,DS501
CT-24301,CN601
CT-24302,DB301
CT-24302,AI401
CT-24302,DS501
CT-24302,CN601
CT-24303,AI401
CT-24303,DS501
CT-24303,CN601
CT-24303,SE701
CT-24303,WD801
CT-24304,DS501
CT-24304,CN601
CT-24304,SE701
CT-24304,WD801
CT-24305,CN601
CT-24305,SE701
CT-24305,WD801
CT-24305,CC901
CT-24305,CY102
CT-24306,SE701
CT-24306,WD801
CT-24306,CC901
CT-24306,CY102
CT-24307,ML101
CT-24307,WD801
CT-24307,CC901
CT-24307,CY102
CT-24307,OOP201
CT-24308,ML101
CT-24308,OOP201
CT-24308,CC901
CT-24308,CY102
CT-24309,ML101
CT-24309,OOP201
CT-24309,DB301
CT-24309,CY102
CT-24309,AI401
CT-24310,ML101
CT-24310,OOP201
CT-24310,DB301
CT-24310,AI401
CT-24311,OOP201
CT-24311,DB301
CT-24311,AI401
CT-24311,DS501
CT-24311,CN601
CT-24312,DB301
CT-24312,AI401
CT-24312,DS501
CT-24312,CN601
CT-24313,AI401
CT-24313,DS501
CT-24313,CN601
CT-24313,SE701
CT-24313,WD801
CT-24314,DS501
CT-24314,CN601
CT-24314,SE701
CT-24314,WD801
CT-24315,CN601
CT-24315,SE701
CT-24315,WD801
CT-24315,CC901
CT-24315,CY102
CT-24316,SE701
CT-24316,WD801
CT-24316,CC901
CT-24316,CY102
CT-24317,ML101
CT-24317,WD801
CT-24317,CC901
CT-24317,CY102
CT-24317,OOP201
CT-24318,ML101
CT-24318,OOP201
CT-24318,CC901
CT-24318,CY102
CT-24319,ML101
CT-24319,OOP201
CT-24319,DB301
CT-24319,CY102
CT-24319,AI401
CT-24320,ML101
CT-24320,OOP201
CT-24320,DB301
CT-24320,AI401